{"mean": {"open": 38503.37925104022, "high": 38552.52925104023, "low": 38454.113758668514, "close": 38505.790166435516, "volume": 9.527048437177532, "momentum": 7.130815885041953e-05, "avg_volume": 9.381017853712553, "premium_discount": 0.06171983356449376}, "std": {"open": 36204.74609927593, "high": 36250.022564518185, "low": 36159.04625349183, "close": 36206.84052078331, "volume": 29.836651734494748, "momentum": 0.0024660010342675244, "avg_volume": 12.870107096337062, "premium_discount": 0.7891997083161884}}